"wrkstat","hrs1","marital","sibs","childs","age","educ","paeduc","maeduc","degree","sex","race","born","income","rincome","size","grass","postlife","happy","hapmar","life","coneduc","conpress","conmedic","contv","weekswrk","satjob","richwork","sexeduc","tvhours","hrsrelax","mntlhlth"
"Working full time",40,"Never married",17,1,14,11,5,9,"High school","FEMALE","Black","YES","$25,000 or more","$7000 TO 7999",9,"Should be legal","YES","Very happy","NOT TOO HAPPY","Routine","A GREAT DEAL","ONLY SOME","A GREAT DEAL","ONLY SOME",1,"A little dissatisfied","Continue to work","Favor",14,2,4
"Retired",33,"Married",2,2,26,5,9,5,"Graduate","MALE","Other","NO","$25,000 or more","$25000 OR MORE",39,"Should be legal","YES","Not too happy","VERY HAPPY","Exciting","ONLY SOME","ONLY SOME","A GREAT DEAL","ONLY SOME",42,"Moderately satisfied","Continue to work","Favor",9,14,21
"Working full time",44,"Never married",15,1,8,20,7,9,"Bachelor's","MALE","White","YES","$8,000 to $9,999","$25000 OR MORE",4,"Should be legal","NO","Very happy","PRETTY HAPPY","Exciting","ONLY SOME","A GREAT DEAL","ONLY SOME","A GREAT DEAL",42,"Very satisfied","Continue to work","Favor",10,1,1
"Retired",54,"Divorced",17,4,28,9,16,7,"High school","FEMALE","White","YES","$15,000 to $19,999","LT $1000",4,"Should be legal","YES","Very happy","PRETTY HAPPY","Exciting","A GREAT DEAL","A GREAT DEAL","A GREAT DEAL","ONLY SOME",42,"Moderately satisfied","Continue to work","Favor",14,7,1
"Keeping house",2,"Divorced",15,4,37,8,20,5,"Bachelor's","FEMALE","Black","YES","$20,000 to $24,999","$25000 OR MORE",90,"Should not be legal","YES","Very happy","VERY HAPPY","Exciting","A GREAT DEAL","A GREAT DEAL","HARDLY ANY","ONLY SOME",42,"Very satisfied","Continue to work","Favor",2,16,5
"Working full time",33,"Never married",11,5,36,9,7,4,"High school","FEMALE","White","YES","$25,000 or more","$25000 OR MORE",12,"Should be legal","YES","Pretty happy","VERY HAPPY","Exciting","ONLY SOME","HARDLY ANY","A GREAT DEAL","ONLY SOME",42,"A little dissatisfied","Continue to work","Favor",9,15,2
"Retired",28,"Married",2,2,19,4,5,5,"Bachelor's","FEMALE","Other","YES","$25,000 or more","$4000 TO 4999",336,"Should be legal","YES","Pretty happy","PRETTY HAPPY","Exciting","ONLY SOME","ONLY SOME","ONLY SOME","ONLY SOME",42,"Very satisfied","Stop working","Oppose",15,15,1
"Working full time",25,"Married",2,1,21,9,1,15,"High school","MALE","White","YES","$25,000 or more","$25000 OR MORE",117,"Should be legal","YES","Pretty happy","VERY HAPPY","Exciting","ONLY SOME","ONLY SOME","A GREAT DEAL","HARDLY ANY",26,"Moderately satisfied","Stop working","Favor",2,17,14
"Retired",44,"Never married",19,5,41,5,5,9,"Less than high school","FEMALE","Black","YES","$25,000 or more","$25000 OR MORE",10,"Should not be legal","YES","Pretty happy","VERY HAPPY","Routine","ONLY SOME","HARDLY ANY","ONLY SOME","ONLY SOME",15,"Very satisfied","Continue to work","Favor",3,16,3
"Retired",44,"Divorced",2,3,22,5,5,21,"Graduate","FEMALE","White","NO","$25,000 or more","$25000 OR MORE",30,"Should not be legal","YES","Not too happy","VERY HAPPY","Exciting","ONLY SOME","HARDLY ANY","ONLY SOME","HARDLY ANY",1,"Very satisfied","Continue to work","Favor",2,16,3
"Unemployed, laid off, looking for work",33,"Married",11,5,4,5,5,5,"High school","MALE","White","YES","$25,000 or more","$25000 OR MORE",92,"Should not be legal","YES","Pretty happy","VERY HAPPY","Exciting","A GREAT DEAL","HARDLY ANY","A GREAT DEAL","ONLY SOME",42,"Moderately satisfied","Stop working","Favor",13,15,1
"Keeping house",44,"Married",21,7,53,5,20,17,"Bachelor's","MALE","White","YES","$1,000 to $2,999","$25000 OR MORE",11,"Should not be legal","YES","Pretty happy","PRETTY HAPPY","Routine","ONLY SOME","ONLY SOME","ONLY SOME","ONLY SOME",1,"Moderately satisfied","Continue to work","Favor",2,14,1
"Working part time",44,"Never married",16,1,19,9,5,18,"Graduate","FEMALE","Black","YES","$15,000 to $19,999","LT $1000",420,"Should be legal","NO","Not too happy","VERY HAPPY","Exciting","ONLY SOME","ONLY SOME","HARDLY ANY","HARDLY ANY",16,"Very satisfied","Continue to work","Favor",2,14,1
"Working full time",23,"Divorced",2,1,21,5,15,5,"High school","MALE","White","YES","$25,000 or more","$20000 - 24999",64,"Should be legal","YES","Pretty happy","PRETTY HAPPY","Exciting","A GREAT DEAL","ONLY SOME","A GREAT DEAL","HARDLY ANY",30,"Moderately satisfied","Continue to work","Favor",14,1,4
"Working full time",54,"Married",15,5,18,11,20,21,"Bachelor's","FEMALE","Black","YES","$25,000 or more","$25000 OR MORE",16,"Should be legal","NO","Very happy","VERY HAPPY","Exciting","ONLY SOME","HARDLY ANY","ONLY SOME","ONLY SOME",20,"Moderately satisfied","Continue to work","Favor",2,14,21
"Other",33,"Married",2,3,48,7,18,11,"Less than high school","MALE","Black","YES","$25,000 or more","$25000 OR MORE",24,"Should be legal","NO","Pretty happy","VERY HAPPY","Exciting","ONLY SOME","A GREAT DEAL","A GREAT DEAL","HARDLY ANY",40,"Very satisfied","Stop working","Favor",17,15,1
"Working part time",24,"Divorced",2,4,35,7,5,5,"Graduate","FEMALE","White","YES","$25,000 or more","$15000 - 19999",4,"Should be legal","YES","Pretty happy","VERY HAPPY","Exciting","HARDLY ANY","ONLY SOME","ONLY SOME","ONLY SOME",1,"Very satisfied","Continue to work","Oppose",2,14,1
"Working full time",53,"Divorced",19,5,20,6,5,7,"High school","FEMALE","Other","YES","$8,000 to $9,999","$10000 - 14999",43,"Should be legal","YES","Very happy","VERY HAPPY","Exciting","ONLY SOME","HARDLY ANY","ONLY SOME","HARDLY ANY",38,"Moderately satisfied","Continue to work","Favor",13,16,3
"Working part time",24,"Married",11,1,51,11,17,9,"Bachelor's","FEMALE","Black","NO","$10,000 to $14,999","$10000 - 14999",117,"Should be legal","YES","Not too happy","VERY HAPPY","Exciting","A GREAT DEAL","HARDLY ANY","A GREAT DEAL","ONLY SOME",42,"Moderately satisfied","Continue to work","Favor",15,19,11
"Working full time",4,"Married",2,3,2,11,14,5,"Bachelor's","MALE","White","YES","$10,000 to $14,999","$25000 OR MORE",16,"Should be legal","YES","Very happy","VERY HAPPY","Routine","A GREAT DEAL","HARDLY ANY","A GREAT DEAL","ONLY SOME",38,"Very satisfied","Continue to work","Favor",9,2,1
"Working full time",33,"Divorced",16,4,25,10,14,9,"Bachelor's","FEMALE","White","YES","$25,000 or more","$25000 OR MORE",69,"Should be legal","YES","Very happy","PRETTY HAPPY","Routine","ONLY SOME","HARDLY ANY","A GREAT DEAL","ONLY SOME",24,"Moderately satisfied","Continue to work","Favor",9,1,1
"Retired",66,"Married",15,3,44,12,20,5,"Graduate","MALE","White","YES","$25,000 or more","$20000 - 24999",75,"Should be legal","YES","Very happy","VERY HAPPY","Routine","A GREAT DEAL","ONLY SOME","A GREAT DEAL","ONLY SOME",42,"Very satisfied","Stop working","Favor",9,16,1
"Keeping house",24,"Widowed",19,5,45,5,11,5,"Less than high school","FEMALE","White","YES","$25,000 or more","$25000 OR MORE",69,"Should not be legal","YES","Not too happy","VERY HAPPY","Exciting","A GREAT DEAL","ONLY SOME","ONLY SOME","ONLY SOME",42,"Very satisfied","Continue to work","Favor",12,15,21
"Retired",33,"Widowed",20,2,47,6,11,5,"High school","FEMALE","Black","NO","$25,000 or more","$25000 OR MORE",8175,"Should be legal","YES","Pretty happy","PRETTY HAPPY","Exciting","A GREAT DEAL","ONLY SOME","A GREAT DEAL","ONLY SOME",1,"Very satisfied","Continue to work","Favor",9,19,21
"Working full time",28,"Separated",11,4,25,5,18,18,"High school","FEMALE","White","NO","$25,000 or more","$25000 OR MORE",14,"Should be legal","YES","Not too happy","PRETTY HAPPY","Routine","A GREAT DEAL","A GREAT DEAL","ONLY SOME","ONLY SOME",40,"Moderately satisfied","Continue to work","Favor",9,16,6
"Working part time",33,"Married",2,5,23,5,5,9,"High school","FEMALE","White","YES","$25,000 or more","$25000 OR MORE",43,"Should be legal","YES","Very happy","PRETTY HAPPY","Exciting","ONLY SOME","A GREAT DEAL","ONLY SOME","ONLY SOME",42,"Very satisfied","Continue to work","Favor",13,16,3
"Working full time",33,"Never married",11,1,43,9,7,1,"Graduate","FEMALE","White","YES","$25,000 or more","$25000 OR MORE",245,"Should be legal","YES","Very happy","PRETTY HAPPY","Exciting","ONLY SOME","A GREAT DEAL","ONLY SOME","HARDLY ANY",42,"Very dissatisfied","Continue to work","Favor",15,17,1
"Retired",18,"Divorced",2,3,7,9,11,7,"High school","FEMALE","White","YES","$10,000 to $14,999","$25000 OR MORE",118,"Should not be legal","YES","Very happy","VERY HAPPY","Routine","ONLY SOME","A GREAT DEAL","ONLY SOME","ONLY SOME",1,"Very satisfied","Stop working","Favor",2,14,1
"Keeping house",37,"Married",2,3,19,9,5,9,"Graduate","MALE","White","YES","$25,000 or more","$25000 OR MORE",3793,"Should be legal","YES","Very happy","VERY HAPPY","Exciting","ONLY SOME","HARDLY ANY","A GREAT DEAL","HARDLY ANY",42,"Moderately satisfied","Stop working","Favor",9,16,6
"Working full time",33,"Married",6,4,25,7,5,5,"High school","FEMALE","Other","NO","$25,000 or more","$25000 OR MORE",563,"Should be legal","NO","Very happy","VERY HAPPY","Routine","ONLY SOME","ONLY SOME","ONLY SOME","ONLY SOME",1,"Very satisfied","Continue to work","Favor",1,10,1
"Keeping house",33,"Married",16,1,38,5,5,9,"High school","MALE","White","YES","$25,000 or more","$25000 OR MORE",1307,"Should not be legal","NO","Very happy","VERY HAPPY","Exciting","A GREAT DEAL","HARDLY ANY","A GREAT DEAL","HARDLY ANY",42,"Very satisfied","Continue to work","Favor",12,17,6
"Working full time",33,"Never married",2,3,2,9,5,5,"High school","MALE","White","YES","$25,000 or more","$25000 OR MORE",13,"Should not be legal","YES","Pretty happy","VERY HAPPY","Routine","ONLY SOME","ONLY SOME","A GREAT DEAL","A GREAT DEAL",42,"Moderately satisfied","Continue to work","Oppose",12,14,1
"Retired",33,"Never married",2,3,12,14,5,5,"High school","MALE","White","YES","$25,000 or more","$25000 OR MORE",600,"Should be legal","YES","Very happy","VERY HAPPY","Exciting","ONLY SOME","HARDLY ANY","A GREAT DEAL","HARDLY ANY",15,"Moderately satisfied","Continue to work","Favor",13,10,5
"Working full time",33,"Never married",11,3,51,5,20,7,"High school","MALE","Black","YES","$25,000 or more","$10000 - 14999",109,"Should be legal","YES","Pretty happy","PRETTY HAPPY","Exciting","A GREAT DEAL","ONLY SOME","ONLY SOME","ONLY SOME",30,"A little dissatisfied","Continue to work","Favor",1,16,6
"Retired",13,"Married",16,3,49,14,5,8,"Bachelor's","FEMALE","White","YES","$10,000 to $14,999","$25000 OR MORE",8,"Should be legal","YES","Very happy","VERY HAPPY","Routine","ONLY SOME","HARDLY ANY","HARDLY ANY","ONLY SOME",42,"Very satisfied","Continue to work","Favor",9,1,6
"Working full time",17,"Married",2,4,22,6,5,17,"Bachelor's","MALE","White","YES","$8,000 to $9,999","$25000 OR MORE",4,"Should not be legal","NO","Pretty happy","VERY HAPPY","Routine","ONLY SOME","HARDLY ANY","ONLY SOME","HARDLY ANY",1,"Moderately satisfied","Stop working","Favor",9,10,11
"Working part time",33,"Married",3,3,12,5,5,9,"Bachelor's","MALE","Black","YES","$20,000 to $24,999","$10000 - 14999",32,"Should be legal","YES","Not too happy","VERY HAPPY","Routine","HARDLY ANY","ONLY SOME","ONLY SOME","ONLY SOME",1,"Very satisfied","Continue to work","Oppose",1,18,1
"Retired",33,"Widowed",17,1,47,9,14,5,"High school","FEMALE","White","YES","$25,000 or more","$25000 OR MORE",12,"Should be legal","YES","Pretty happy","PRETTY HAPPY","Exciting","ONLY SOME","ONLY SOME","A GREAT DEAL","ONLY SOME",18,"Very satisfied","Continue to work","Favor",9,1,21
"Working part time",13,"Widowed",2,3,53,9,5,21,"Graduate","FEMALE","Other","NO","$15,000 to $19,999","$20000 - 24999",117,"Should be legal","YES","Very happy","VERY HAPPY","Exciting","A GREAT DEAL","HARDLY ANY","HARDLY ANY","ONLY SOME",1,"Very dissatisfied","Continue to work","Favor",17,16,1
"Working full time",44,"Never married",15,4,9,6,14,9,"High school","MALE","White","YES","$25,000 or more","$25000 OR MORE",8,"Should be legal","YES","Pretty happy","VERY HAPPY","Exciting","ONLY SOME","A GREAT DEAL","ONLY SOME","ONLY SOME",42,"Very satisfied","Continue to work","Favor",1,2,1
"Retired",33,"Never married",11,8,16,9,10,5,"Bachelor's","FEMALE","White","YES","$25,000 or more","$15000 - 19999",2696,"Should be legal","YES","Pretty happy","PRETTY HAPPY","Dull","ONLY SOME","A GREAT DEAL","A GREAT DEAL","ONLY SOME",42,"Very satisfied","Continue to work","Favor",1,3,8
"Working full time",33,"Married",17,1,40,9,5,7,"High school","MALE","White","YES","$25,000 or more","$25000 OR MORE",124,"Should not be legal","YES","Not too happy","VERY HAPPY","Routine","ONLY SOME","ONLY SOME","A GREAT DEAL","HARDLY ANY",1,"Moderately satisfied","Continue to work","Oppose",2,1,1
"Retired",41,"Married",15,3,36,8,9,5,"High school","MALE","White","YES","$25,000 or more","$25000 OR MORE",29,"Should be legal","YES","Very happy","VERY HAPPY","Exciting","ONLY SOME","ONLY SOME","ONLY SOME","A GREAT DEAL",42,"Very satisfied","Stop working","Favor",13,17,11
"Working full time",27,"Divorced",15,1,8,6,3,6,"High school","MALE","White","YES","$25,000 or more","$25000 OR MORE",19,"Should not be legal","YES","Pretty happy","VERY HAPPY","Routine","ONLY SOME","HARDLY ANY","ONLY SOME","A GREAT DEAL",1,"Very satisfied","Continue to work","Favor",9,10,1
"Working full time",33,"Never married",2,1,9,9,5,11,"Bachelor's","MALE","White","YES","$25,000 or more","$20000 - 24999",13,"Should be legal","YES","Very happy","VERY HAPPY","Exciting","ONLY SOME","ONLY SOME","A GREAT DEAL","A GREAT DEAL",42,"Very satisfied","Continue to work","Favor",1,17,2
"In school",2,"Divorced",15,1,33,4,5,5,"High school","MALE","White","YES","$25,000 or more","$25000 OR MORE",6,"Should not be legal","YES","Pretty happy","VERY HAPPY","Routine","A GREAT DEAL","HARDLY ANY","A GREAT DEAL","ONLY SOME",40,"Moderately satisfied","Stop working","Favor",12,2,4
"Working full time",33,"Married",11,2,2,11,9,20,"Graduate","MALE","White","YES","$25,000 or more","$25000 OR MORE",90,"Should be legal","YES","Very happy","NOT TOO HAPPY","Exciting","HARDLY ANY","ONLY SOME","HARDLY ANY","ONLY SOME",11,"Very satisfied","Stop working","Favor",14,10,21
"Retired",33,"Divorced",19,3,53,9,9,9,"Graduate","FEMALE","Other","NO","$20,000 to $24,999","$25000 OR MORE",11,"Should be legal","YES","Pretty happy","VERY HAPPY","Routine","ONLY SOME","ONLY SOME","A GREAT DEAL","ONLY SOME",42,"Very satisfied","Continue to work","Favor",13,16,1
"Working full time",13,"Divorced",20,4,8,7,6,3,"Graduate","FEMALE","White","NO","$7,000 to $7,999","$25000 OR MORE",64,"Should not be legal","YES","Very happy","VERY HAPPY","Exciting","ONLY SOME","HARDLY ANY","A GREAT DEAL","HARDLY ANY",30,"Very satisfied","Continue to work","Favor",2,1,1
"Working part time",33,"Divorced",3,7,9,5,9,3,"High school","FEMALE","Black","YES","$10,000 to $14,999","$25000 OR MORE",285,"Should not be legal","YES","Not too happy","PRETTY HAPPY","Exciting","ONLY SOME","ONLY SOME","ONLY SOME","ONLY SOME",1,"Very satisfied","Continue to work","Favor",2,19,3
"Working full time",41,"Married",18,1,34,4,5,7,"Less than high school","FEMALE","White","NO","$25,000 or more","$25000 OR MORE",2099,"Should be legal","NO","Pretty happy","VERY HAPPY","Exciting","HARDLY ANY","HARDLY ANY","HARDLY ANY","ONLY SOME",1,"Very satisfied","Continue to work","Oppose",9,2,3
"Working full time",13,"Married",11,1,15,5,3,9,"Graduate","MALE","White","YES","$25,000 or more","LT $1000",1526,"Should not be legal","YES","Pretty happy","PRETTY HAPPY","Exciting","ONLY SOME","ONLY SOME","ONLY SOME","ONLY SOME",42,"Very satisfied","Continue to work","Favor",13,1,1
"In school",44,"Divorced",16,1,51,5,5,7,"Less than high school","MALE","Black","YES","$25,000 or more","$10000 - 14999",49,"Should be legal","YES","Pretty happy","VERY HAPPY","Routine","A GREAT DEAL","HARDLY ANY","ONLY SOME","ONLY SOME",42,"Very satisfied","Continue to work","Favor",12,19,1
"In school",33,"Married",11,1,47,5,5,7,"High school","MALE","White","YES","$25,000 or more","$10000 - 14999",563,"Should be legal","YES","Pretty happy","PRETTY HAPPY","Routine","ONLY SOME","HARDLY ANY","ONLY SOME","ONLY SOME",1,"Moderately satisfied","Continue to work","Favor",2,10,1
"Working full time",13,"Married",11,1,54,9,5,9,"Bachelor's","FEMALE","White","YES","$25,000 or more","$7000 TO 7999",9,"Should be legal","NO","Pretty happy","VERY HAPPY","Routine","A GREAT DEAL","HARDLY ANY","ONLY SOME","ONLY SOME",42,"Moderately satisfied","Continue to work","Favor",13,2,1
"Working full time",31,"Never married",20,5,40,4,5,1,"Less than high school","MALE","Other","NO","$10,000 to $14,999","$25000 OR MORE",462,"Should be legal","YES","Very happy","VERY HAPPY","Exciting","HARDLY ANY","ONLY SOME","A GREAT DEAL","HARDLY ANY",25,"Moderately satisfied","Continue to work","Favor",9,1,1
"Working full time",41,"Divorced",2,1,48,9,14,7,"High school","MALE","White","YES","$25,000 or more","$25000 OR MORE",621,"Should not be legal","YES","Not too happy","VERY HAPPY","Routine","HARDLY ANY","HARDLY ANY","HARDLY ANY","ONLY SOME",21,"Very satisfied","Continue to work","Favor",9,14,1
"Working full time",6,"Never married",15,4,29,11,1,9,"Bachelor's","FEMALE","White","YES","$25,000 or more","$25000 OR MORE",29,"Should not be legal","YES","Pretty happy","PRETTY HAPPY","Exciting","ONLY SOME","ONLY SOME","HARDLY ANY","ONLY SOME",42,"Moderately satisfied","Continue to work","Favor",2,10,2
"Working full time",38,"Never married",17,2,56,7,3,1,"High school","MALE","Black","YES","$25,000 or more","$25000 OR MORE",63,"Should not be legal","YES","Very happy","VERY HAPPY","Exciting","ONLY SOME","ONLY SOME","ONLY SOME","ONLY SOME",17,"Moderately satisfied","Continue to work","Favor",9,2,1
"Keeping house",24,"Divorced",11,4,23,5,5,5,"High school","FEMALE","White","YES","$25,000 or more","$25000 OR MORE",17,"Should be legal","YES","Not too happy","VERY HAPPY","Routine","ONLY SOME","ONLY SOME","ONLY SOME","ONLY SOME",23,"Moderately satisfied","Continue to work","Favor",17,2,15
"Working part time",44,"Married",2,3,44,7,5,5,"High school","FEMALE","White","YES","$25,000 or more","$15000 - 19999",4,"Should not be legal","NO","Pretty happy","PRETTY HAPPY","Exciting","A GREAT DEAL","A GREAT DEAL","A GREAT DEAL","ONLY SOME",42,"Very satisfied","Stop working","Favor",9,14,4
"Working part time",7,"Widowed",16,2,58,8,14,5,"Bachelor's","FEMALE","White","NO","$25,000 or more","$25000 OR MORE",43,"Should not be legal","NO","Not too happy","VERY HAPPY","Routine","ONLY SOME","ONLY SOME","ONLY SOME","HARDLY ANY",1,"Moderately satisfied","Continue to work","Favor",13,10,3
"Retired",47,"Married",11,1,70,5,5,9,"Bachelor's","FEMALE","Other","YES","$3,000 to $3,999","$25000 OR MORE",805,"Should not be legal","YES","Pretty happy","VERY HAPPY","Routine","A GREAT DEAL","HARDLY ANY","ONLY SOME","ONLY SOME",5,"Very dissatisfied","Continue to work","Favor",15,14,11
"Working full time",33,"Never married",11,1,17,4,4,5,"High school","MALE","White","YES","$25,000 or more","$25000 OR MORE",36,"Should be legal","YES","Not too happy","VERY HAPPY","Exciting","ONLY SOME","HARDLY ANY","A GREAT DEAL","ONLY SOME",42,"Very satisfied","Continue to work","Favor",1,16,1
"Working full time",13,"Never married",2,5,49,7,16,5,"High school","FEMALE","White","YES","$25,000 or more","$10000 - 14999",19,"Should be legal","YES","Pretty happy","VERY HAPPY","Exciting","ONLY SOME","HARDLY ANY","HARDLY ANY","ONLY SOME",42,"Very satisfied","Continue to work","Favor",2,18,1
"Working full time",38,"Divorced",11,3,36,9,5,7,"High school","MALE","White","YES","$15,000 to $19,999","LT $1000",61,"Should be legal","NO","Pretty happy","PRETTY HAPPY","Exciting","ONLY SOME","ONLY SOME","A GREAT DEAL","ONLY SOME",5,"Moderately satisfied","Continue to work","Oppose",13,10,1
"Working part time",2,"Never married",2,3,9,14,6,8,"High school","FEMALE","Black","YES","$25,000 or more","$1000 TO 2999",319,"Should be legal","YES","Very happy","VERY HAPPY","Routine","ONLY SOME","A GREAT DEAL","ONLY SOME","ONLY SOME",42,"Very satisfied","Continue to work","Favor",12,15,1
"Working full time",44,"Never married",1,1,20,5,5,11,"High school","MALE","White","YES","$25,000 or more","$25000 OR MORE",17,"Should be legal","YES","Very happy","VERY HAPPY","Exciting","A GREAT DEAL","ONLY SOME","A GREAT DEAL","A GREAT DEAL",39,"Very satisfied","Stop working","Favor",9,16,1
"Working part time",37,"Married",15,4,40,5,5,9,"Bachelor's","MALE","White","YES","$25,000 or more","$10000 - 14999",12,"Should be legal","YES","Pretty happy","PRETTY HAPPY","Exciting","ONLY SOME","ONLY SOME","ONLY SOME","ONLY SOME",1,"Moderately satisfied","Continue to work","Favor",1,10,1
"Working full time",33,"Married",15,3,20,9,5,5,"Bachelor's","FEMALE","White","YES","$8,000 to $9,999","$25000 OR MORE",9,"Should not be legal","NO","Very happy","VERY HAPPY","Exciting","ONLY SOME","A GREAT DEAL","A GREAT DEAL","HARDLY ANY",1,"Very satisfied","Stop working","Favor",15,10,1
"Other",36,"Married",15,4,22,5,9,5,"High school","FEMALE","White","YES","$25,000 or more","$25000 OR MORE",5,"Should not be legal","YES","Very happy","VERY HAPPY","Dull","ONLY SOME","HARDLY ANY","A GREAT DEAL","A GREAT DEAL",42,"Moderately satisfied","Continue to work","Favor",13,10,1
"Working full time",33,"Never married",11,2,20,9,7,5,"High school","MALE","Other","YES","$25,000 or more","$20000 - 24999",29,"Should be legal","YES","Not too happy","VERY HAPPY","Routine","ONLY SOME","HARDLY ANY","ONLY SOME","ONLY SOME",42,"Very satisfied","Continue to work","Favor",12,10,1
"Working full time",54,"Never married",16,1,43,5,3,6,"High school","MALE","White","YES","$25,000 or more","$25000 OR MORE",8175,"Should be legal","YES","Pretty happy","VERY HAPPY","Exciting","A GREAT DEAL","HARDLY ANY","ONLY SOME","HARDLY ANY",38,"Very satisfied","Continue to work","Favor",9,14,1
"Working full time",62,"Married",17,3,50,9,4,1,"Associate/junior college","FEMALE","White","YES","$25,000 or more","$10000 - 14999",16,"Should be legal","YES","Pretty happy","PRETTY HAPPY","Exciting","ONLY SOME","ONLY SOME","ONLY SOME","A GREAT DEAL",16,"Very satisfied","Continue to work","Favor",9,15,2
"In school",49,"Divorced",6,1,21,9,20,5,"High school","FEMALE","Black","YES","$25,000 or more","$25000 OR MORE",1526,"Should not be legal","YES","Very happy","PRETTY HAPPY","Exciting","A GREAT DEAL","HARDLY ANY","HARDLY ANY","ONLY SOME",42,"Moderately satisfied","Stop working","Favor",2,15,1
"Working full time",33,"Married",11,2,31,9,9,3,"Bachelor's","FEMALE","White","YES","$25,000 or more","$25000 OR MORE",12,"Should be legal","NO","Not too happy","VERY HAPPY","Routine","ONLY SOME","A GREAT DEAL","A GREAT DEAL","HARDLY ANY",1,"Moderately satisfied","Continue to work","Favor",9,14,1
"Working full time",54,"Never married",18,4,15,4,6,4,"High school","MALE","Black","YES","$25,000 or more","$25000 OR MORE",336,"Should not be legal","YES","Very happy","VERY HAPPY","Routine","ONLY SOME","ONLY SOME","HARDLY ANY","HARDLY ANY",42,"Very satisfied","Continue to work","Favor",2,10,1
"Working full time",33,"Married",17,4,44,6,11,12,"High school","FEMALE","White","YES","$25,000 or more","$25000 OR MORE",8,"Should not be legal","YES","Pretty happy","PRETTY HAPPY","Exciting","ONLY SOME","ONLY SOME","A GREAT DEAL","ONLY SOME",1,"Very satisfied","Stop working","Favor",1,14,11
"Working full time",28,"Married",16,6,48,11,4,5,"Graduate","MALE","White","YES","$25,000 or more","$3000 TO 3999",14,"Should be legal","YES","Very happy","VERY HAPPY","Exciting","ONLY SOME","HARDLY ANY","ONLY SOME","HARDLY ANY",30,"Moderately satisfied","Continue to work","Favor",10,15,1
"Working full time",33,"Widowed",7,3,44,11,5,5,"Less than high school","FEMALE","Other","YES","$25,000 or more","$25000 OR MORE",4,"Should be legal","YES","Pretty happy","VERY HAPPY","Exciting","ONLY SOME","HARDLY ANY","ONLY SOME","HARDLY ANY",3,"Very satisfied","Continue to work","Favor",9,16,7
"Retired",28,"Never married",11,2,17,5,3,17,"Bachelor's","MALE","White","YES","$25,000 or more","$25000 OR MORE",65,"Should not be legal","NO","Pretty happy","VERY HAPPY","Exciting","ONLY SOME","ONLY SOME","A GREAT DEAL","HARDLY ANY",42,"Very dissatisfied","Continue to work","Favor",2,17,4
"Retired",44,"Married",19,3,71,9,21,7,"Bachelor's","MALE","White","YES","$25,000 or more","$25000 OR MORE",29,"Should be legal","YES","Pretty happy","PRETTY HAPPY","Dull","ONLY SOME","HARDLY ANY","HARDLY ANY","ONLY SOME",41,"Very satisfied","Stop working","Favor",2,17,1
"Working part time",33,"Divorced",19,1,29,8,9,5,"High school","FEMALE","Black","YES","$25,000 or more","$4000 TO 4999",166,"Should be legal","YES","Pretty happy","PRETTY HAPPY","Exciting","A GREAT DEAL","ONLY SOME","A GREAT DEAL","HARDLY ANY",1,"Moderately satisfied","Stop working","Favor",11,16,1
"Working full time",33,"Married",16,5,50,7,5,5,"Graduate","MALE","White","YES","$20,000 to $24,999","LT $1000",16,"Should not be legal","YES","Very happy","VERY HAPPY","Dull","A GREAT DEAL","HARDLY ANY","A GREAT DEAL","ONLY SOME",1,"Moderately satisfied","Continue to work","Favor",12,10,1
"Keeping house",44,"Divorced",11,2,27,18,8,12,"Associate/junior college","MALE","White","YES","$25,000 or more","$15000 - 19999",4,"Should be legal","NO","Pretty happy","PRETTY HAPPY","Routine","ONLY SOME","ONLY SOME","ONLY SOME","ONLY SOME",37,"Very satisfied","Continue to work","Favor",12,10,13
"Working full time",18,"Divorced",2,4,51,5,5,5,"High school","FEMALE","White","YES","$25,000 or more","$25000 OR MORE",17,"Should be legal","YES","Pretty happy","PRETTY HAPPY","Exciting","A GREAT DEAL","HARDLY ANY","ONLY SOME","ONLY SOME",1,"Very satisfied","Continue to work","Favor",9,17,1
"Working part time",54,"Married",2,1,28,7,7,9,"High school","MALE","White","YES","$25,000 or more","LT $1000",11,"Should be legal","YES","Pretty happy","VERY HAPPY","Routine","ONLY SOME","ONLY SOME","A GREAT DEAL","A GREAT DEAL",42,"Moderately satisfied","Continue to work","Favor",2,10,21
"Retired",33,"Never married",17,3,48,6,9,7,"Bachelor's","FEMALE","Black","YES","$15,000 to $19,999","$25000 OR MORE",67,"Should be legal","YES","Pretty happy","PRETTY HAPPY","Exciting","HARDLY ANY","HARDLY ANY","ONLY SOME","HARDLY ANY",11,"Moderately satisfied","Continue to work","Favor",12,2,4
"Retired",33,"Married",18,8,71,20,5,5,"Less than high school","MALE","White","YES","$10,000 to $14,999","$25000 OR MORE",43,"Should be legal","YES","Not too happy","VERY HAPPY","Routine","ONLY SOME","HARDLY ANY","HARDLY ANY","HARDLY ANY",1,"Very satisfied","Continue to work","Favor",12,10,6
"Working full time",8,"Married",11,1,30,9,5,20,"Bachelor's","MALE","White","YES","$25,000 or more","$25000 OR MORE",4,"Should be legal","YES","Very happy","VERY HAPPY","Routine","ONLY SOME","A GREAT DEAL","ONLY SOME","HARDLY ANY",42,"A little dissatisfied","Continue to work","Favor",2,15,5
"Unemployed, laid off, looking for work",31,"Married",2,1,33,9,21,9,"High school","FEMALE","White","YES","$25,000 or more","$25000 OR MORE",90,"Should be legal","NO","Pretty happy","VERY HAPPY","Exciting","ONLY SOME","HARDLY ANY","A GREAT DEAL","HARDLY ANY",42,"Moderately satisfied","Continue to work","Favor",14,14,1
"Working full time",41,"Never married",11,4,11,5,7,13,"High school","MALE","Black","YES","$25,000 or more","$25000 OR MORE",714,"Should be legal","YES","Very happy","PRETTY HAPPY","Routine","A GREAT DEAL","HARDLY ANY","ONLY SOME","HARDLY ANY",42,"Very satisfied","Continue to work","Favor",1,15,1
"In school",24,"Married",2,2,16,11,14,9,"Graduate","FEMALE","Other","NO","$25,000 or more","$8000 TO 9999",14,"Should be legal","YES","Very happy","PRETTY HAPPY","Exciting","A GREAT DEAL","ONLY SOME","ONLY SOME","HARDLY ANY",42,"Moderately satisfied","Continue to work","Favor",2,14,1
"Unemployed, laid off, looking for work",18,"Never married",11,1,23,9,5,7,"High school","MALE","White","YES","$25,000 or more","$25000 OR MORE",563,"Should be legal","YES","Very happy","PRETTY HAPPY","Routine","HARDLY ANY","A GREAT DEAL","A GREAT DEAL","ONLY SOME",1,"Very satisfied","Continue to work","Favor",2,14,16
"Working full time",33,"Divorced",19,7,42,6,5,18,"High school","FEMALE","Black","YES","$5,000 to $5,999","$25000 OR MORE",24,"Should be legal","YES","Pretty happy","PRETTY HAPPY","Exciting","HARDLY ANY","ONLY SOME","ONLY SOME","HARDLY ANY",42,"Moderately satisfied","Continue to work","Favor",12,15,1
"Keeping house",33,"Married",2,6,51,6,16,18,"Bachelor's","FEMALE","White","YES","$25,000 or more","$25000 OR MORE",39,"Should be legal","NO","Pretty happy","VERY HAPPY","Routine","A GREAT DEAL","HARDLY ANY","ONLY SOME","ONLY SOME",2,"Moderately satisfied","Continue to work","Favor",9,16,1
"Working part time",41,"Married",11,1,42,9,9,5,"Bachelor's","FEMALE","White","YES","$25,000 or more","$25000 OR MORE",67,"Should be legal","YES","Pretty happy","VERY HAPPY","Routine","HARDLY ANY","A GREAT DEAL","HARDLY ANY","A GREAT DEAL",40,"Moderately satisfied","Stop working","Favor",12,15,3
"Working full time",44,"Divorced",2,2,20,12,9,5,"Graduate","FEMALE","White","YES","$25,000 or more","$15000 - 19999",11,"Should not be legal","YES","Pretty happy","VERY HAPPY","Routine","ONLY SOME","ONLY SOME","A GREAT DEAL","ONLY SOME",42,"Very satisfied","Stop working","Favor",9,14,1
"Keeping house",33,"Married",21,5,24,5,6,5,"Bachelor's","MALE","White","YES","$8,000 to $9,999","$3000 TO 3999",1,"Should be legal","YES","Pretty happy","PRETTY HAPPY","Routine","ONLY SOME","HARDLY ANY","HARDLY ANY","ONLY SOME",14,"Very satisfied","Continue to work","Favor",9,14,1
"Working part time",33,"Married",15,3,23,11,5,9,"Graduate","MALE","White","YES","$25,000 or more","$15000 - 19999",2,"Should be legal","YES","Pretty happy","VERY HAPPY","Routine","A GREAT DEAL","HARDLY ANY","ONLY SOME","HARDLY ANY",1,"Moderately satisfied","Stop working","Favor",2,10,1
"Working full time",44,"Never married",16,4,39,8,5,20,"High school","FEMALE","White","YES","$25,000 or more","$6000 TO 6999",144,"Should be legal","YES","Pretty happy","PRETTY HAPPY","Routine","ONLY SOME","A GREAT DEAL","ONLY SOME","A GREAT DEAL",1,"Very satisfied","Continue to work","Favor",15,2,1
"Working part time",33,"Widowed",19,4,26,5,12,7,"High school","MALE","Black","YES","$25,000 or more","$4000 TO 4999",166,"Should be legal","YES","Pretty happy","PRETTY HAPPY","Routine","A GREAT DEAL","A GREAT DEAL","ONLY SOME","ONLY SOME",42,"Very satisfied","Stop working","Favor",9,16,2
"Working full time",13,"Separated",21,6,36,3,1,10,"Less than high school","FEMALE","White","YES","$25,000 or more","$7000 TO 7999",1198,"Should be legal","NO","Very happy","PRETTY HAPPY","Exciting","ONLY SOME","A GREAT DEAL","A GREAT DEAL","A GREAT DEAL",42,"Moderately satisfied","Continue to work","Favor",3,10,1
"Working full time",71,"Married",11,1,35,7,19,5,"Bachelor's","FEMALE","White","NO","$25,000 or more","$25000 OR MORE",49,"Should not be legal","YES","Very happy","VERY HAPPY","Exciting","ONLY SOME","ONLY SOME","HARDLY ANY","ONLY SOME",40,"Moderately satisfied","Continue to work","Favor",9,19,4
"Keeping house",71,"Widowed",2,6,33,4,5,5,"Bachelor's","MALE","White","YES","Under $1,000","$5000 TO 5999",39,"Should be legal","YES","Not too happy","PRETTY HAPPY","Routine","HARDLY ANY","ONLY SOME","ONLY SOME","HARDLY ANY",1,"Very satisfied","Continue to work","Favor",13,10,3
"Working full time",13,"Never married",11,1,26,5,18,5,"High school","MALE","White","YES","$25,000 or more","$15000 - 19999",24,"Should be legal","YES","Pretty happy","PRETTY HAPPY","Routine","ONLY SOME","ONLY SOME","ONLY SOME","ONLY SOME",42,"Very satisfied","Continue to work","Favor",12,1,6
"Working part time",13,"Never married",18,7,5,5,7,5,"Associate/junior college","FEMALE","Black","YES","$25,000 or more","$25000 OR MORE",1526,"Should not be legal","YES","Pretty happy","VERY HAPPY","Routine","ONLY SOME","ONLY SOME","ONLY SOME","HARDLY ANY",8,"A little dissatisfied","Continue to work","Favor",9,10,1
"Working full time",1,"Married",17,4,46,5,7,5,"High school","FEMALE","White","NO","$25,000 or more","$25000 OR MORE",11,"Should not be legal","YES","Very happy","VERY HAPPY","Routine","ONLY SOME","HARDLY ANY","ONLY SOME","HARDLY ANY",1,"Moderately satisfied","Stop working","Favor",2,16,2
"Retired",44,"Married",2,7,51,11,9,5,"High school","MALE","White","YES","$25,000 or more","$25000 OR MORE",117,"Should be legal","YES","Pretty happy","VERY HAPPY","Routine","HARDLY ANY","ONLY SOME","ONLY SOME","ONLY SOME",42,"A little dissatisfied","Continue to work","Favor",13,2,1
"Working full time",33,"Divorced",17,2,53,9,12,5,"Less than high school","MALE","White","NO","$25,000 or more","$8000 TO 9999",336,"Should be legal","NO","Pretty happy","VERY HAPPY","Routine","ONLY SOME","HARDLY ANY","ONLY SOME","ONLY SOME",41,"Very satisfied","Continue to work","Favor",2,17,1
"Unemployed, laid off, looking for work",24,"Separated",17,4,29,5,9,4,"High school","MALE","White","YES","$25,000 or more","$25000 OR MORE",6,"Should be legal","YES","Pretty happy","VERY HAPPY","Exciting","A GREAT DEAL","ONLY SOME","A GREAT DEAL","HARDLY ANY",42,"Very satisfied","Continue to work","Favor",2,15,1
"Working full time",21,"Never married",15,4,19,5,5,9,"High school","FEMALE","White","YES","$20,000 to $24,999","$1000 TO 2999",11,"Should not be legal","YES","Very happy","VERY HAPPY","Routine","A GREAT DEAL","HARDLY ANY","A GREAT DEAL","ONLY SOME",21,"Moderately satisfied","Continue to work","Favor",12,10,5
"Retired",33,"Married",11,2,31,10,7,5,"Associate/junior college","FEMALE","White","YES","$25,000 or more","$5000 TO 5999",16,"Should be legal","YES","Pretty happy","PRETTY HAPPY","Exciting","ONLY SOME","ONLY SOME","A GREAT DEAL","ONLY SOME",42,"Very satisfied","Continue to work","Favor",9,10,6
"Working full time",51,"Married",15,6,26,6,5,3,"Bachelor's","FEMALE","White","NO","$15,000 to $19,999","$25000 OR MORE",44,"Should not be legal","YES","Very happy","NOT TOO HAPPY","Routine","ONLY SOME","HARDLY ANY","A GREAT DEAL","ONLY SOME",1,"Moderately satisfied","Continue to work","Favor",9,15,1
"Retired",24,"Married",15,1,60,5,5,9,"High school","FEMALE","White","YES","$25,000 or more","$25000 OR MORE",9,"Should be legal","YES","Pretty happy","VERY HAPPY","Exciting","A GREAT DEAL","ONLY SOME","ONLY SOME","ONLY SOME",38,"Moderately satisfied","Stop working","Favor",9,14,2
"Retired",40,"Married",20,3,7,8,7,9,"High school","FEMALE","Black","NO","$25,000 or more","$25000 OR MORE",32,"Should be legal","YES","Not too happy","VERY HAPPY","Routine","ONLY SOME","HARDLY ANY","ONLY SOME","HARDLY ANY",42,"Very satisfied","Stop working","Oppose",1,15,1
"Working part time",33,"Divorced",11,3,8,9,8,7,"High school","MALE","White","YES","$20,000 to $24,999","$20000 - 24999",1307,"Should be legal","YES","Pretty happy","VERY HAPPY","Routine","ONLY SOME","ONLY SOME","A GREAT DEAL","ONLY SOME",42,"Moderately satisfied","Continue to work","Favor",9,2,19
"Working full time",28,"Divorced",2,1,30,5,5,5,"Graduate","FEMALE","White","NO","$25,000 or more","$25000 OR MORE",10,"Should be legal","YES","Very happy","PRETTY HAPPY","Exciting","ONLY SOME","ONLY SOME","ONLY SOME","ONLY SOME",1,"A little dissatisfied","Stop working","Favor",9,1,1
"Keeping house",28,"Never married",2,5,22,5,14,5,"Graduate","FEMALE","White","YES","$25,000 or more","$25000 OR MORE",26,"Should be legal","YES","Very happy","VERY HAPPY","Routine","ONLY SOME","A GREAT DEAL","ONLY SOME","ONLY SOME",42,"Moderately satisfied","Continue to work","Favor",9,10,11
"Working full time",54,"Married",2,1,12,9,20,5,"Graduate","MALE","White","YES","$25,000 or more","$25000 OR MORE",117,"Should be legal","NO","Very happy","PRETTY HAPPY","Exciting","A GREAT DEAL","ONLY SOME","A GREAT DEAL","HARDLY ANY",42,"Moderately satisfied","Continue to work","Favor",2,10,2
"In school",29,"Separated",11,1,27,8,3,5,"Associate/junior college","FEMALE","Black","YES","$25,000 or more","$20000 - 24999",60,"Should be legal","YES","Not too happy","PRETTY HAPPY","Exciting","ONLY SOME","ONLY SOME","A GREAT DEAL","ONLY SOME",10,"Moderately satisfied","Continue to work","Favor",12,1,11
"Retired",29,"Divorced",15,4,29,5,7,5,"High school","FEMALE","Black","YES","$25,000 or more","$25000 OR MORE",21,"Should be legal","NO","Very happy","PRETTY HAPPY","Routine","ONLY SOME","A GREAT DEAL","A GREAT DEAL","HARDLY ANY",1,"Moderately satisfied","Continue to work","Favor",2,16,3
"Keeping house",31,"Married",15,1,48,6,5,18,"Graduate","MALE","White","YES","$10,000 to $14,999","$25000 OR MORE",69,"Should be legal","YES","Pretty happy","VERY HAPPY","Routine","HARDLY ANY","ONLY SOME","ONLY SOME","ONLY SOME",42,"Very satisfied","Stop working","Favor",12,15,21
"Keeping house",44,"Widowed",1,3,44,5,5,7,"High school","FEMALE","White","YES","$25,000 or more","$25000 OR MORE",11,"Should not be legal","YES","Pretty happy","VERY HAPPY","Routine","ONLY SOME","HARDLY ANY","HARDLY ANY","A GREAT DEAL",42,"A little dissatisfied","Continue to work","Favor",2,2,1
"Working full time",48,"Never married",2,3,31,14,5,5,"Graduate","MALE","Other","YES","$25,000 or more","$15000 - 19999",67,"Should be legal","NO","Pretty happy","VERY HAPPY","Routine","A GREAT DEAL","ONLY SOME","A GREAT DEAL","ONLY SOME",42,"Moderately satisfied","Continue to work","Favor",2,2,1
"Working full time",24,"Married",15,3,18,5,5,5,"Bachelor's","FEMALE","White","YES","$25,000 or more","$25000 OR MORE",93,"Should be legal","YES","Very happy","VERY HAPPY","Routine","ONLY SOME","ONLY SOME","ONLY SOME","HARDLY ANY",1,"Moderately satisfied","Continue to work","Favor",17,10,1
"Unemployed, laid off, looking for work",42,"Married",17,3,63,9,5,7,"High school","FEMALE","Other","NO","$25,000 or more","$25000 OR MORE",2099,"Should not be legal","NO","Pretty happy","VERY HAPPY","Exciting","HARDLY ANY","HARDLY ANY","A GREAT DEAL","ONLY SOME",1,"Moderately satisfied","Continue to work","Favor",2,9,1
"Working full time",33,"Divorced",1,3,60,5,5,9,"High school","FEMALE","White","YES","$10,000 to $14,999","$10000 - 14999",16,"Should be legal","NO","Pretty happy","PRETTY HAPPY","Routine","A GREAT DEAL","ONLY SOME","A GREAT DEAL","A GREAT DEAL",1,"Very satisfied","Stop working","Favor",2,15,15
"Retired",49,"Married",2,3,33,9,21,5,"Graduate","MALE","White","YES","$25,000 or more","LT $1000",75,"Should be legal","NO","Not too happy","VERY HAPPY","Dull","ONLY SOME","ONLY SOME","A GREAT DEAL","ONLY SOME",42,"Very satisfied","Stop working","Favor",17,10,21
"Working full time",54,"Divorced",20,2,48,8,11,1,"Bachelor's","FEMALE","White","YES","$10,000 to $14,999","$25000 OR MORE",41,"Should be legal","NO","Pretty happy","VERY HAPPY","Routine","ONLY SOME","ONLY SOME","A GREAT DEAL","ONLY SOME",42,"Moderately satisfied","Stop working","Favor",9,10,2
"Keeping house",8,"Married",2,4,5,21,5,15,"High school","FEMALE","White","NO","$25,000 or more","$25000 OR MORE",563,"Should be legal","NO","Pretty happy","PRETTY HAPPY","Routine","HARDLY ANY","ONLY SOME","HARDLY ANY","HARDLY ANY",1,"A little dissatisfied","Continue to work","Oppose",1,2,1
"Retired",25,"Married",1,3,38,7,18,5,"High school","MALE","White","YES","$25,000 or more","$10000 - 14999",64,"Should be legal","YES","Pretty happy","VERY HAPPY","Routine","A GREAT DEAL","ONLY SOME","ONLY SOME","HARDLY ANY",42,"Moderately satisfied","Continue to work","Favor",14,2,1
"Working full time",54,"Married",11,3,17,5,6,5,"High school","FEMALE","Other","YES","$25,000 or more","$25000 OR MORE",92,"Should be legal","NO","Very happy","PRETTY HAPPY","Routine","ONLY SOME","HARDLY ANY","ONLY SOME","ONLY SOME",23,"A little dissatisfied","Continue to work","Favor",2,10,3
"With a job, but not at work because of temporary illness, vacation, strike",33,"Married",1,2,13,9,15,19,"Bachelor's","MALE","Black","YES","$25,000 or more","$25000 OR MORE",117,"Should be legal","YES","Very happy","VERY HAPPY","Routine","HARDLY ANY","ONLY SOME","ONLY SOME","ONLY SOME",16,"Moderately satisfied","Continue to work","Favor",13,2,1
"Working full time",44,"Never married",11,1,21,11,5,5,"Bachelor's","MALE","Black","YES","$25,000 or more","$15000 - 19999",30,"Should not be legal","YES","Very happy","VERY HAPPY","Routine","HARDLY ANY","ONLY SOME","A GREAT DEAL","ONLY SOME",18,"Very satisfied","Continue to work","Favor",2,15,5
"Keeping house",24,"Never married",15,2,27,5,21,5,"High school","MALE","Black","YES","$25,000 or more","$25000 OR MORE",49,"Should be legal","YES","Very happy","PRETTY HAPPY","Exciting","ONLY SOME","ONLY SOME","HARDLY ANY","ONLY SOME",42,"Very satisfied","Stop working","Oppose",2,2,1
"Retired",47,"Divorced",2,2,31,5,15,3,"Less than high school","MALE","Other","YES","$25,000 or more","$7000 TO 7999",8175,"Should be legal","YES","Not too happy","PRETTY HAPPY","Exciting","ONLY SOME","HARDLY ANY","A GREAT DEAL","ONLY SOME",1,"Very satisfied","Stop working","Favor",2,2,1
"Working full time",41,"Never married",2,4,5,9,5,20,"Bachelor's","FEMALE","White","YES","$25,000 or more","$3000 TO 3999",48,"Should be legal","YES","Pretty happy","VERY HAPPY","Routine","HARDLY ANY","HARDLY ANY","ONLY SOME","ONLY SOME",42,"Very satisfied","Continue to work","Oppose",2,17,1
"Working full time",33,"Never married",11,1,10,14,20,20,"Bachelor's","FEMALE","White","YES","$25,000 or more","$25000 OR MORE",1526,"Should be legal","NO","Not too happy","VERY HAPPY","Exciting","ONLY SOME","ONLY SOME","A GREAT DEAL","ONLY SOME",40,"Very satisfied","Continue to work","Favor",9,15,21
"Working full time",13,"Never married",3,1,17,9,5,9,"High school","FEMALE","Other","NO","$25,000 or more","$25000 OR MORE",29,"Should be legal","YES","Pretty happy","VERY HAPPY","Exciting","HARDLY ANY","A GREAT DEAL","A GREAT DEAL","HARDLY ANY",1,"Very satisfied","Continue to work","Favor",9,14,1
"Working full time",4,"Never married",2,1,15,12,3,5,"Graduate","FEMALE","Black","YES","$25,000 or more","$25000 OR MORE",8175,"Should not be legal","NO","Pretty happy","VERY HAPPY","Dull","ONLY SOME","HARDLY ANY","ONLY SOME","ONLY SOME",1,"Very satisfied","Stop working","Favor",14,10,1
"Unemployed, laid off, looking for work",33,"Married",2,1,33,5,5,17,"Graduate","MALE","White","YES","$25,000 or more","LT $1000",124,"Should not be legal","YES","Pretty happy","VERY HAPPY","Routine","ONLY SOME","HARDLY ANY","ONLY SOME","HARDLY ANY",1,"A little dissatisfied","Stop working","Favor",1,14,1
"Retired",24,"Married",18,3,18,14,5,5,"High school","FEMALE","Black","YES","$25,000 or more","$25000 OR MORE",16,"Should be legal","YES","Pretty happy","PRETTY HAPPY","Exciting","ONLY SOME","HARDLY ANY","ONLY SOME","ONLY SOME",42,"Moderately satisfied","Continue to work","Favor",2,3,21
"Retired",33,"Never married",19,5,36,5,10,20,"Less than high school","MALE","Black","YES","$25,000 or more","$10000 - 14999",8175,"Should not be legal","YES","Pretty happy","PRETTY HAPPY","Routine","ONLY SOME","A GREAT DEAL","ONLY SOME","A GREAT DEAL",1,"Very satisfied","Continue to work","Favor",2,15,1
"Retired",47,"Married",16,7,22,9,9,5,"Less than high school","MALE","Other","YES","$10,000 to $14,999","$25000 OR MORE",439,"Should be legal","YES","Not too happy","PRETTY HAPPY","Exciting","ONLY SOME","A GREAT DEAL","A GREAT DEAL","ONLY SOME",7,"Very satisfied","Continue to work","Favor",2,16,11
"Keeping house",48,"Never married",15,3,47,5,21,3,"Bachelor's","FEMALE","White","YES","$25,000 or more","$10000 - 14999",563,"Should be legal","YES","Pretty happy","VERY HAPPY","Exciting","ONLY SOME","ONLY SOME","ONLY SOME","ONLY SOME",1,"Very satisfied","Stop working","Favor",12,15,6
"Working full time",63,"Married",17,2,28,12,9,20,"Graduate","MALE","White","YES","$25,000 or more","$25000 OR MORE",14,"Should be legal","YES","Pretty happy","VERY HAPPY","Routine","ONLY SOME","ONLY SOME","ONLY SOME","HARDLY ANY",26,"Moderately satisfied","Continue to work","Favor",1,1,1
"Working full time",33,"Married",15,4,36,19,18,9,"High school","FEMALE","White","YES","$25,000 or more","$25000 OR MORE",61,"Should be legal","YES","Pretty happy","VERY HAPPY","Exciting","HARDLY ANY","HARDLY ANY","HARDLY ANY","HARDLY ANY",1,"Very satisfied","Continue to work","Favor",2,11,1
"Retired",33,"Divorced",2,3,49,14,8,20,"Graduate","FEMALE","White","YES","$25,000 or more","$15000 - 19999",1198,"Should not be legal","YES","Very happy","VERY HAPPY","Exciting","ONLY SOME","ONLY SOME","ONLY SOME","HARDLY ANY",42,"Moderately satisfied","Stop working","Oppose",12,19,5
"With a job, but not at work because of temporary illness, vacation, strike",33,"Widowed",19,4,56,7,9,5,"High school","FEMALE","White","YES","Under $1,000","$25000 OR MORE",70,"Should not be legal","YES","Pretty happy","VERY HAPPY","Dull","HARDLY ANY","ONLY SOME","HARDLY ANY","ONLY SOME",42,"Very satisfied","Stop working","Favor",15,10,3
"Keeping house",19,"Divorced",2,1,11,5,7,7,"Associate/junior college","MALE","White","YES","$25,000 or more","$25000 OR MORE",118,"Should be legal","YES","Pretty happy","VERY HAPPY","Exciting","ONLY SOME","ONLY SOME","A GREAT DEAL","HARDLY ANY",42,"Moderately satisfied","Stop working","Favor",14,15,3
"Working full time",30,"Married",2,2,40,8,14,7,"High school","MALE","White","YES","$25,000 or more","$10000 - 14999",6,"Should not be legal","YES","Pretty happy","VERY HAPPY","Exciting","A GREAT DEAL","A GREAT DEAL","ONLY SOME","HARDLY ANY",1,"Moderately satisfied","Continue to work","Favor",14,17,11
"Working full time",56,"Married",2,3,31,11,5,5,"Graduate","FEMALE","White","YES","$25,000 or more","$25000 OR MORE",90,"Should be legal","YES","Very happy","VERY HAPPY","Exciting","ONLY SOME","HARDLY ANY","ONLY SOME","ONLY SOME",35,"Very satisfied","Continue to work","Favor",12,1,4
"Working part time",31,"Widowed",16,2,20,5,5,1,"Bachelor's","FEMALE","White","YES","$25,000 or more","$25000 OR MORE",25,"Should be legal","YES","Pretty happy","VERY HAPPY","Exciting","HARDLY ANY","HARDLY ANY","HARDLY ANY","ONLY SOME",42,"Very satisfied","Stop working","Favor",9,14,1
"Working full time",44,"Never married",1,4,22,5,12,5,"High school","FEMALE","White","YES","$1,000 to $2,999","$25000 OR MORE",41,"Should be legal","YES","Very happy","VERY HAPPY","Routine","HARDLY ANY","ONLY SOME","A GREAT DEAL","HARDLY ANY",44,"Moderately satisfied","Stop working","Favor",2,10,3
"Working part time",33,"Widowed",15,3,61,9,5,7,"Bachelor's","FEMALE","White","YES","$25,000 or more","$25000 OR MORE",28,"Should not be legal","YES","Pretty happy","PRETTY HAPPY","Exciting","ONLY SOME","A GREAT DEAL","A GREAT DEAL","HARDLY ANY",42,"Moderately satisfied","Stop working","Favor",2,16,15
"Keeping house",44,"Married",21,2,62,8,21,18,"High school","MALE","Black","NO","$25,000 or more","$25000 OR MORE",600,"Should not be legal","YES","Pretty happy","PRETTY HAPPY","Exciting","ONLY SOME","ONLY SOME","A GREAT DEAL","HARDLY ANY",42,"Moderately satisfied","Continue to work","Favor",9,16,1
"Working full time",33,"Married",11,1,18,10,21,1,"Graduate","MALE","White","YES","$20,000 to $24,999","$7000 TO 7999",1198,"Should not be legal","NO","Pretty happy","VERY HAPPY","Exciting","ONLY SOME","ONLY SOME","ONLY SOME","A GREAT DEAL",42,"Very satisfied","Stop working","Favor",13,1,4
"Keeping house",17,"Divorced",17,3,16,5,15,20,"Graduate","FEMALE","Black","NO","$10,000 to $14,999","$3000 TO 3999",166,"Should be legal","YES","Pretty happy","PRETTY HAPPY","Exciting","ONLY SOME","ONLY SOME","HARDLY ANY","ONLY SOME",1,"Very satisfied","Continue to work","Favor",18,16,1
"Working part time",38,"Married",2,1,34,4,5,21,"High school","FEMALE","Black","YES","$25,000 or more","$25000 OR MORE",2099,"Should be legal","YES","Pretty happy","NOT TOO HAPPY","Exciting","HARDLY ANY","ONLY SOME","A GREAT DEAL","HARDLY ANY",3,"Very satisfied","Continue to work","Favor",2,15,1
"Working full time",33,"Widowed",11,3,66,5,9,20,"High school","FEMALE","White","YES","$5,000 to $5,999","$15000 - 19999",12,"Should be legal","NO","Pretty happy","VERY HAPPY","Exciting","HARDLY ANY","HARDLY ANY","ONLY SOME","A GREAT DEAL",42,"Very satisfied","Continue to work","Favor",12,15,1
"Retired",2,"Never married",2,3,6,5,18,20,"High school","FEMALE","White","YES","$25,000 or more","$6000 TO 6999",92,"Should be legal","NO","Not too happy","VERY HAPPY","Exciting","ONLY SOME","HARDLY ANY","ONLY SOME","HARDLY ANY",1,"Very satisfied","Continue to work","Oppose",2,2,21
"Working part time",38,"Married",18,3,25,6,5,9,"Associate/junior college","FEMALE","White","YES","$25,000 or more","$20000 - 24999",7,"Should be legal","YES","Pretty happy","PRETTY HAPPY","Routine","HARDLY ANY","HARDLY ANY","A GREAT DEAL","A GREAT DEAL",1,"Moderately satisfied","Continue to work","Favor",12,1,1
"Other",33,"Never married",19,5,3,7,7,4,"High school","FEMALE","White","YES","$25,000 or more","$25000 OR MORE",16,"Should be legal","NO","Pretty happy","VERY HAPPY","Exciting","ONLY SOME","HARDLY ANY","ONLY SOME","A GREAT DEAL",1,"Very satisfied","Continue to work","Favor",9,15,1
"Working full time",37,"Never married",16,4,1,9,9,5,"High school","FEMALE","White","YES","$25,000 or more","$25000 OR MORE",6,"Should be legal","YES","Pretty happy","VERY HAPPY","Exciting","HARDLY ANY","HARDLY ANY","ONLY SOME","HARDLY ANY",9,"Very satisfied","Continue to work","Favor",12,14,3
"Unemployed, laid off, looking for work",30,"Never married",18,1,12,10,18,21,"High school","MALE","Black","YES","$25,000 or more","$25000 OR MORE",29,"Should be legal","YES","Pretty happy","VERY HAPPY","Exciting","A GREAT DEAL","HARDLY ANY","ONLY SOME","ONLY SOME",42,"Very satisfied","Continue to work","Favor",9,5,1
"Keeping house",49,"Married",18,2,30,7,7,5,"Associate/junior college","FEMALE","Other","YES","$25,000 or more","$25000 OR MORE",9,"Should be legal","YES","Pretty happy","VERY HAPPY","Exciting","ONLY SOME","A GREAT DEAL","A GREAT DEAL","HARDLY ANY",1,"Very satisfied","Continue to work","Favor",17,15,1
"Working full time",41,"Married",1,2,46,6,5,9,"High school","MALE","White","YES","$25,000 or more","$25000 OR MORE",109,"Should not be legal","YES","Pretty happy","VERY HAPPY","Routine","ONLY SOME","ONLY SOME","HARDLY ANY","ONLY SOME",1,"Moderately satisfied","Stop working","Favor",9,2,1
"Working full time",61,"Married",6,5,18,5,4,17,"Less than high school","FEMALE","Other","NO","$10,000 to $14,999","$25000 OR MORE",3793,"Should be legal","NO","Pretty happy","VERY HAPPY","Exciting","ONLY SOME","HARDLY ANY","A GREAT DEAL","ONLY SOME",16,"Very satisfied","Continue to work","Favor",15,10,6
"Working part time",33,"Married",2,2,28,8,5,11,"Graduate","MALE","White","YES","$25,000 or more","$25000 OR MORE",44,"Should be legal","YES","Pretty happy","PRETTY HAPPY","Exciting","ONLY SOME","HARDLY ANY","A GREAT DEAL","ONLY SOME",42,"A little dissatisfied","Stop working","Favor",9,15,1
"Working part time",7,"Married",15,1,52,7,7,7,"High school","FEMALE","White","YES","$25,000 or more","$5000 TO 5999",19,"Should be legal","YES","Not too happy","VERY HAPPY","Routine","HARDLY ANY","HARDLY ANY","A GREAT DEAL","HARDLY ANY",42,"Very satisfied","Stop working","Favor",2,17,11
"Working part time",15,"Married",11,1,21,4,11,7,"Graduate","MALE","White","YES","$25,000 or more","LT $1000",90,"Should be legal","YES","Pretty happy","PRETTY HAPPY","Routine","HARDLY ANY","A GREAT DEAL","HARDLY ANY","ONLY SOME",1,"Very satisfied","Stop working","Favor",12,16,1
"Working full time",33,"Divorced",11,1,33,9,17,6,"Associate/junior college","FEMALE","White","NO","$25,000 or more","$25000 OR MORE",57,"Should be legal","YES","Pretty happy","PRETTY HAPPY","Exciting","A GREAT DEAL","ONLY SOME","ONLY SOME","A GREAT DEAL",16,"A little dissatisfied","Continue to work","Favor",18,10,8
"Retired",59,"Divorced",1,4,49,11,5,7,"High school","FEMALE","White","YES","$25,000 or more","$25000 OR MORE",11,"Should be legal","YES","Not too happy","VERY HAPPY","Routine","A GREAT DEAL","A GREAT DEAL","ONLY SOME","ONLY SOME",1,"Moderately satisfied","Stop working","Favor",9,15,5
"Working part time",33,"Never married",11,6,11,9,14,5,"High school","MALE","Black","YES","$25,000 or more","$25000 OR MORE",193,"Should be legal","NO","Very happy","PRETTY HAPPY","Exciting","ONLY SOME","A GREAT DEAL","ONLY SOME","ONLY SOME",42,"A little dissatisfied","Continue to work","Favor",2,15,15
"Keeping house",33,"Widowed",11,3,22,9,5,5,"High school","FEMALE","White","YES","$25,000 or more","$25000 OR MORE",2099,"Should be legal","YES","Pretty happy","NOT TOO HAPPY","Exciting","ONLY SOME","ONLY SOME","ONLY SOME","ONLY SOME",30,"Very satisfied","Continue to work","Favor",13,15,6
"Retired",44,"Married",2,6,63,11,5,3,"Bachelor's","MALE","White","YES","$25,000 or more","$25000 OR MORE",32,"Should not be legal","YES","Very happy","VERY HAPPY","Exciting","HARDLY ANY","HARDLY ANY","ONLY SOME","ONLY SOME",42,"Moderately satisfied","Continue to work","Favor",9,15,11
"Working part time",41,"Married",15,2,28,9,5,5,"Bachelor's","MALE","White","YES","$25,000 or more","$25000 OR MORE",13,"Should not be legal","YES","Pretty happy","VERY HAPPY","Exciting","ONLY SOME","ONLY SOME","HARDLY ANY","HARDLY ANY",42,"Moderately satisfied","Stop working","Favor",15,15,1
"Retired",33,"Married",19,3,28,6,1,9,"High school","MALE","Black","YES","$25,000 or more","$25000 OR MORE",48,"Should not be legal","YES","Pretty happy","VERY HAPPY","Routine","ONLY SOME","ONLY SOME","ONLY SOME","HARDLY ANY",42,"Very satisfied","Continue to work","Favor",2,10,1
"Keeping house",13,"Never married",20,6,25,21,21,3,"Less than high school","FEMALE","Black","YES","$25,000 or more","$25000 OR MORE",17,"Should be legal","YES","Not too happy","VERY HAPPY","Exciting","ONLY SOME","A GREAT DEAL","ONLY SOME","ONLY SOME",1,"Very satisfied","Continue to work","Favor",14,14,1
"Working full time",33,"Married",11,1,5,7,9,5,"High school","FEMALE","White","YES","$25,000 or more","$25000 OR MORE",23,"Should be legal","YES","Pretty happy","VERY HAPPY","Exciting","A GREAT DEAL","HARDLY ANY","A GREAT DEAL","HARDLY ANY",1,"Very satisfied","Continue to work","Favor",2,10,6
"Retired",44,"Divorced",2,3,48,6,6,5,"Bachelor's","FEMALE","White","YES","$25,000 or more","$10000 - 14999",40,"Should be legal","YES","Pretty happy","VERY HAPPY","Exciting","ONLY SOME","HARDLY ANY","A GREAT DEAL","HARDLY ANY",42,"Very satisfied","Stop working","Favor",1,10,1
"Working full time",33,"Divorced",2,3,19,9,9,5,"Bachelor's","FEMALE","White","YES","$25,000 or more","$1000 TO 2999",32,"Should not be legal","YES","Very happy","VERY HAPPY","Exciting","HARDLY ANY","ONLY SOME","A GREAT DEAL","HARDLY ANY",42,"Moderately satisfied","Continue to work","Favor",1,3,1
"Working full time",24,"Widowed",16,3,34,10,11,5,"Bachelor's","MALE","White","YES","$8,000 to $9,999","$10000 - 14999",3,"Should not be legal","YES","Pretty happy","VERY HAPPY","Dull","ONLY SOME","HARDLY ANY","ONLY SOME","A GREAT DEAL",1,"Moderately satisfied","Continue to work","Favor",9,10,1
"Working full time",28,"Widowed",3,4,33,11,11,5,"Associate/junior college","FEMALE","Black","YES","$25,000 or more","$25000 OR MORE",2099,"Should be legal","YES","Pretty happy","VERY HAPPY","Routine","ONLY SOME","HARDLY ANY","ONLY SOME","HARDLY ANY",42,"Moderately satisfied","Continue to work","Favor",14,19,15
"Working part time",38,"Married",11,2,13,9,7,7,"High school","FEMALE","Black","YES","$25,000 or more","$25000 OR MORE",25,"Should not be legal","YES","Pretty happy","VERY HAPPY","Exciting","HARDLY ANY","ONLY SOME","ONLY SOME","ONLY SOME",1,"Very satisfied","Continue to work","Favor",9,15,11
"Keeping house",38,"Never married",15,1,36,9,5,8,"High school","MALE","Other","YES","$25,000 or more","LT $1000",3,"Should be legal","YES","Very happy","VERY HAPPY","Exciting","ONLY SOME","HARDLY ANY","HARDLY ANY","ONLY SOME",35,"Very satisfied","Stop working","Favor",15,10,1
"Keeping house",58,"Married",2,1,61,7,9,5,"High school","FEMALE","White","YES","$25,000 or more","$25000 OR MORE",1,"Should be legal","YES","Pretty happy","VERY HAPPY","Exciting","ONLY SOME","HARDLY ANY","ONLY SOME","HARDLY ANY",1,"Very satisfied","Continue to work","Favor",9,16,1
"Unemployed, laid off, looking for work",33,"Married",11,1,10,5,5,20,"High school","MALE","White","NO","$25,000 or more","$4000 TO 4999",325,"Should not be legal","YES","Very happy","VERY HAPPY","Exciting","ONLY SOME","HARDLY ANY","A GREAT DEAL","ONLY SOME",1,"Moderately satisfied","Stop working","Favor",12,15,1
"Working full time",38,"Never married",20,7,41,9,21,7,"High school","MALE","White","YES","$25,000 or more","$20000 - 24999",3,"Should not be legal","YES","Very happy","PRETTY HAPPY","Exciting","HARDLY ANY","HARDLY ANY","ONLY SOME","HARDLY ANY",1,"A little dissatisfied","Continue to work","Favor",9,2,2
"In school",33,"Never married",11,1,1,5,18,5,"Less than high school","FEMALE","Other","YES","$25,000 or more","$25000 OR MORE",3793,"Should be legal","YES","Not too happy","VERY HAPPY","Exciting","ONLY SOME","A GREAT DEAL","A GREAT DEAL","HARDLY ANY",1,"Very satisfied","Stop working","Favor",9,10,14
"Working full time",28,"Widowed",11,3,36,9,5,18,"Bachelor's","FEMALE","White","YES","$25,000 or more","$25000 OR MORE",8,"Should be legal","YES","Pretty happy","VERY HAPPY","Exciting","ONLY SOME","HARDLY ANY","ONLY SOME","ONLY SOME",3,"Moderately satisfied","Stop working","Favor",2,16,1
"Keeping house",54,"Divorced",16,8,44,5,7,5,"Associate/junior college","FEMALE","White","YES","$25,000 or more","$25000 OR MORE",2696,"Should be legal","YES","Pretty happy","VERY HAPPY","Exciting","ONLY SOME","ONLY SOME","ONLY SOME","HARDLY ANY",42,"Very satisfied","Continue to work","Favor",12,16,11
"Keeping house",33,"Married",11,1,11,9,18,9,"Bachelor's","FEMALE","Other","NO","$25,000 or more","$25000 OR MORE",8175,"Should be legal","YES","Very happy","PRETTY HAPPY","Exciting","ONLY SOME","ONLY SOME","A GREAT DEAL","ONLY SOME",14,"Very satisfied","Continue to work","Favor",17,10,1
"Working full time",44,"Married",18,4,71,4,5,5,"High school","MALE","White","NO","$25,000 or more","$20000 - 24999",60,"Should not be legal","YES","Pretty happy","NOT TOO HAPPY","Routine","A GREAT DEAL","A GREAT DEAL","ONLY SOME","HARDLY ANY",1,"Very satisfied","Stop working","Favor",1,15,5
"Retired",49,"Married",2,4,42,7,10,6,"Graduate","MALE","White","YES","$15,000 to $19,999","$25000 OR MORE",4,"Should be legal","NO","Very happy","VERY HAPPY","Routine","HARDLY ANY","HARDLY ANY","A GREAT DEAL","HARDLY ANY",21,"Very dissatisfied","Continue to work","Favor",3,19,3
"Working full time",23,"Divorced",11,2,2,4,5,20,"High school","MALE","White","NO","$25,000 or more","$25000 OR MORE",30,"Should be legal","YES","Not too happy","VERY HAPPY","Exciting","HARDLY ANY","HARDLY ANY","A GREAT DEAL","HARDLY ANY",42,"Moderately satisfied","Continue to work","Favor",3,16,1
"Working full time",58,"Married",16,1,30,3,5,5,"High school","MALE","Other","YES","$25,000 or more","$10000 - 14999",144,"Should not be legal","YES","Pretty happy","PRETTY HAPPY","Exciting","ONLY SOME","ONLY SOME","A GREAT DEAL","ONLY SOME",42,"Very satisfied","Continue to work","Favor",9,1,5
"Working part time",44,"Married",4,5,24,7,7,5,"Less than high school","MALE","White","YES","$25,000 or more","$25000 OR MORE",144,"Should not be legal","NO","Very happy","PRETTY HAPPY","Exciting","ONLY SOME","ONLY SOME","HARDLY ANY","HARDLY ANY",42,"Very satisfied","Continue to work","Favor",13,14,1
"Retired",20,"Never married",15,4,44,21,21,5,"Graduate","MALE","White","YES","$25,000 or more","$10000 - 14999",41,"Should be legal","YES","Very happy","VERY HAPPY","Exciting","A GREAT DEAL","HARDLY ANY","ONLY SOME","ONLY SOME",42,"Very satisfied","Continue to work","Favor",12,14,1
"Working part time",61,"Separated",15,3,57,5,7,11,"Bachelor's","MALE","White","YES","$10,000 to $14,999","$25000 OR MORE",41,"Should be legal","YES","Not too happy","VERY HAPPY","Exciting","ONLY SOME","ONLY SOME","ONLY SOME","HARDLY ANY",42,"Very satisfied","Continue to work","Favor",2,16,2
"Retired",33,"Separated",16,4,57,3,1,20,"High school","FEMALE","White","YES","$25,000 or more","$25000 OR MORE",14,"Should be legal","YES","Very happy","VERY HAPPY","Exciting","ONLY SOME","HARDLY ANY","A GREAT DEAL","ONLY SOME",1,"Moderately satisfied","Continue to work","Oppose",2,14,7
"Working part time",18,"Married",15,3,41,6,18,21,"Graduate","MALE","White","YES","$25,000 or more","$7000 TO 7999",16,"Should be legal","YES","Very happy","PRETTY HAPPY","Exciting","A GREAT DEAL","HARDLY ANY","A GREAT DEAL","HARDLY ANY",1,"Very satisfied","Continue to work","Favor",14,5,1
"Working part time",54,"Widowed",1,5,60,9,4,11,"High school","FEMALE","White","YES","$25,000 or more","$25000 OR MORE",32,"Should not be legal","NO","Very happy","VERY HAPPY","Routine","ONLY SOME","ONLY SOME","ONLY SOME","HARDLY ANY",1,"Very satisfied","Continue to work","Favor",9,17,1
"Working full time",33,"Married",2,3,17,9,5,4,"Bachelor's","FEMALE","Black","YES","$25,000 or more","$10000 - 14999",166,"Should not be legal","NO","Pretty happy","VERY HAPPY","Exciting","ONLY SOME","A GREAT DEAL","A GREAT DEAL","HARDLY ANY",30,"Very satisfied","Continue to work","Favor",13,15,4
"Working full time",33,"Married",16,1,26,11,4,16,"Graduate","FEMALE","White","YES","Under $1,000","$25000 OR MORE",11,"Should be legal","YES","Pretty happy","PRETTY HAPPY","Exciting","ONLY SOME","ONLY SOME","ONLY SOME","HARDLY ANY",42,"Moderately satisfied","Stop working","Favor",9,19,11
"Working full time",38,"Married",16,2,23,7,1,9,"Associate/junior college","FEMALE","White","YES","$10,000 to $14,999","$10000 - 14999",84,"Should be legal","NO","Pretty happy","PRETTY HAPPY","Exciting","ONLY SOME","ONLY SOME","A GREAT DEAL","ONLY SOME",40,"Moderately satisfied","Continue to work","Favor",12,19,1
"Retired",33,"Married",11,2,14,10,3,5,"Graduate","FEMALE","White","NO","$25,000 or more","$25000 OR MORE",1,"Should be legal","YES","Very happy","PRETTY HAPPY","Routine","A GREAT DEAL","HARDLY ANY","ONLY SOME","ONLY SOME",30,"A little dissatisfied","Continue to work","Favor",13,16,15
"Retired",33,"Divorced",11,2,26,14,7,5,"Associate/junior college","MALE","White","YES","$25,000 or more","$8000 TO 9999",19,"Should be legal","YES","Not too happy","PRETTY HAPPY","Routine","ONLY SOME","HARDLY ANY","A GREAT DEAL","HARDLY ANY",42,"Very dissatisfied","Stop working","Favor",9,17,11
"Working full time",28,"Never married",11,2,10,8,9,4,"High school","FEMALE","Black","YES","$25,000 or more","$25000 OR MORE",16,"Should be legal","YES","Pretty happy","PRETTY HAPPY","Routine","HARDLY ANY","ONLY SOME","A GREAT DEAL","ONLY SOME",42,"Very satisfied","Continue to work","Favor",17,14,1
"Working part time",35,"Married",15,1,14,6,5,5,"High school","FEMALE","White","YES","$25,000 or more","$20000 - 24999",260,"Should not be legal","YES","Not too happy","VERY HAPPY","Exciting","A GREAT DEAL","HARDLY ANY","ONLY SOME","ONLY SOME",1,"Very satisfied","Continue to work","Favor",2,10,1
"Working full time",18,"Never married",11,1,25,9,9,18,"Associate/junior college","MALE","White","YES","$25,000 or more","$25000 OR MORE",71,"Should be legal","YES","Pretty happy","VERY HAPPY","Routine","ONLY SOME","A GREAT DEAL","ONLY SOME","ONLY SOME",42,"Very satisfied","Stop working","Favor",12,10,2
"Working full time",28,"Married",15,1,5,5,18,5,"High school","FEMALE","Black","NO","$25,000 or more","$25000 OR MORE",29,"Should not be legal","YES","Pretty happy","PRETTY HAPPY","Exciting","A GREAT DEAL","HARDLY ANY","ONLY SOME","HARDLY ANY",42,"Very satisfied","Continue to work","Favor",2,14,1
"Retired",8,"Divorced",18,5,62,14,9,9,"Graduate","MALE","Black","NO","$25,000 or more","$25000 OR MORE",8175,"Should be legal","NO","Not too happy","VERY HAPPY","Routine","ONLY SOME","HARDLY ANY","ONLY SOME","HARDLY ANY",42,"Moderately satisfied","Continue to work","Favor",13,17,1
"Retired",31,"Married",2,3,49,5,8,17,"High school","MALE","White","YES","$25,000 or more","$20000 - 24999",2696,"Should not be legal","YES","Pretty happy","VERY HAPPY","Routine","ONLY SOME","A GREAT DEAL","A GREAT DEAL","ONLY SOME",42,"Very dissatisfied","Continue to work","Favor",9,2,1
"Unemployed, laid off, looking for work",25,"Divorced",11,1,30,6,5,11,"High school","MALE","Black","YES","$25,000 or more","$25000 OR MORE",109,"Should be legal","NO","Not too happy","VERY HAPPY","Exciting","HARDLY ANY","HARDLY ANY","A GREAT DEAL","ONLY SOME",40,"Moderately satisfied","Continue to work","Favor",6,15,1
"Working full time",49,"Separated",11,2,41,7,7,9,"Bachelor's","MALE","White","NO","$25,000 or more","$25000 OR MORE",57,"Should not be legal","YES","Pretty happy","NOT TOO HAPPY","Routine","ONLY SOME","ONLY SOME","ONLY SOME","ONLY SOME",42,"Moderately satisfied","Continue to work","Favor",1,16,8
"Keeping house",38,"Never married",1,3,27,5,3,6,"High school","FEMALE","Other","NO","$20,000 to $24,999","$3000 TO 3999",2099,"Should be legal","YES","Very happy","VERY HAPPY","Routine","ONLY SOME","HARDLY ANY","HARDLY ANY","HARDLY ANY",42,"Very satisfied","Continue to work","Favor",9,15,1
"Working full time",66,"Married",16,2,39,5,5,5,"High school","FEMALE","White","YES","$20,000 to $24,999","$10000 - 14999",11,"Should be legal","YES","Pretty happy","PRETTY HAPPY","Exciting","A GREAT DEAL","ONLY SOME","ONLY SOME","HARDLY ANY",42,"Very satisfied","Continue to work","Favor",12,16,1
"With a job, but not at work because of temporary illness, vacation, strike",38,"Divorced",15,1,6,8,10,5,"High school","MALE","White","YES","$25,000 or more","$15000 - 19999",49,"Should be legal","YES","Very happy","VERY HAPPY","Routine","ONLY SOME","HARDLY ANY","ONLY SOME","ONLY SOME",42,"Very satisfied","Continue to work","Favor",9,16,1
"Working full time",33,"Never married",17,3,31,7,17,5,"High school","FEMALE","White","YES","$25,000 or more","$25000 OR MORE",49,"Should be legal","YES","Pretty happy","PRETTY HAPPY","Routine","ONLY SOME","ONLY SOME","A GREAT DEAL","A GREAT DEAL",1,"A little dissatisfied","Continue to work","Favor",2,16,1
"Unemployed, laid off, looking for work",33,"Never married",15,5,36,8,15,5,"High school","FEMALE","Black","YES","$25,000 or more","$25000 OR MORE",16,"Should be legal","YES","Pretty happy","PRETTY HAPPY","Exciting","A GREAT DEAL","ONLY SOME","ONLY SOME","HARDLY ANY",1,"Moderately satisfied","Continue to work","Oppose",13,14,16
"Working full time",33,"Never married",15,1,6,4,20,5,"Less than high school","MALE","White","YES","$15,000 to $19,999","$25000 OR MORE",8175,"Should not be legal","YES","Pretty happy","VERY HAPPY","Exciting","ONLY SOME","A GREAT DEAL","ONLY SOME","HARDLY ANY",23,"Very satisfied","Continue to work","Favor",9,14,1
"Retired",33,"Divorced",1,5,9,5,7,5,"High school","FEMALE","White","NO","$25,000 or more","$20000 - 24999",7,"Should be legal","YES","Pretty happy","PRETTY HAPPY","Exciting","ONLY SOME","A GREAT DEAL","ONLY SOME","ONLY SOME",23,"Very dissatisfied","Stop working","Favor",4,15,2
"Working full time",44,"Never married",15,1,4,7,20,5,"High school","MALE","White","YES","$25,000 or more","$25000 OR MORE",9,"Should be legal","NO","Pretty happy","VERY HAPPY","Exciting","A GREAT DEAL","HARDLY ANY","A GREAT DEAL","ONLY SOME",40,"Moderately satisfied","Continue to work","Favor",4,10,1
"Working full time",33,"Never married",11,3,57,12,6,18,"High school","MALE","White","YES","$25,000 or more","$25000 OR MORE",64,"Should be legal","YES","Pretty happy","NOT TOO HAPPY","Exciting","HARDLY ANY","HARDLY ANY","A GREAT DEAL","HARDLY ANY",42,"Moderately satisfied","Continue to work","Favor",9,10,1
"Working full time",7,"Married",20,3,6,5,20,13,"Graduate","FEMALE","White","YES","$25,000 or more","$25000 OR MORE",60,"Should be legal","YES","Pretty happy","VERY HAPPY","Routine","ONLY SOME","HARDLY ANY","ONLY SOME","ONLY SOME",42,"Very satisfied","Stop working","Oppose",12,14,11
"Working full time",54,"Married",2,1,21,9,4,9,"Bachelor's","MALE","White","YES","$25,000 or more","$25000 OR MORE",618,"Should not be legal","NO","Very happy","PRETTY HAPPY","Routine","ONLY SOME","HARDLY ANY","A GREAT DEAL","ONLY SOME",1,"Very satisfied","Continue to work","Favor",2,15,1
"Working full time",29,"Married",2,4,58,7,9,7,"High school","MALE","Black","YES","$25,000 or more","$25000 OR MORE",166,"Should be legal","YES","Not too happy","VERY HAPPY","Routine","HARDLY ANY","ONLY SOME","A GREAT DEAL","A GREAT DEAL",1,"Moderately satisfied","Continue to work","Favor",12,15,1
"Working part time",61,"Divorced",17,5,48,9,5,7,"High school","FEMALE","White","NO","$25,000 or more","$25000 OR MORE",399,"Should be legal","NO","Very happy","PRETTY HAPPY","Routine","HARDLY ANY","ONLY SOME","ONLY SOME","ONLY SOME",1,"Moderately satisfied","Continue to work","Favor",9,14,6
"Other",33,"Never married",17,1,17,5,18,7,"Bachelor's","MALE","White","YES","$25,000 or more","$10000 - 14999",9,"Should not be legal","YES","Pretty happy","VERY HAPPY","Routine","A GREAT DEAL","HARDLY ANY","ONLY SOME","HARDLY ANY",1,"Moderately satisfied","Continue to work","Favor",9,10,1
"Working part time",38,"Married",11,1,4,7,7,5,"Bachelor's","FEMALE","White","YES","$25,000 or more","$25000 OR MORE",49,"Should be legal","YES","Not too happy","VERY HAPPY","Exciting","HARDLY ANY","HARDLY ANY","A GREAT DEAL","ONLY SOME",41,"Very satisfied","Continue to work","Favor",9,19,1
"Working full time",38,"Divorced",21,2,17,14,9,6,"High school","FEMALE","Black","YES","$10,000 to $14,999","$25000 OR MORE",2099,"Should be legal","YES","Very happy","VERY HAPPY","Exciting","ONLY SOME","ONLY SOME","ONLY SOME","ONLY SOME",42,"Moderately satisfied","Continue to work","Favor",13,10,6
"Retired",33,"Never married",11,2,23,9,20,16,"Graduate","FEMALE","Black","YES","$25,000 or more","$25000 OR MORE",94,"Should not be legal","YES","Pretty happy","VERY HAPPY","Exciting","ONLY SOME","HARDLY ANY","A GREAT DEAL","ONLY SOME",42,"Very satisfied","Continue to work","Favor",2,14,1
"Working full time",28,"Never married",11,3,21,5,5,9,"High school","FEMALE","White","YES","$25,000 or more","$25000 OR MORE",6,"Should be legal","NO","Pretty happy","VERY HAPPY","Exciting","A GREAT DEAL","HARDLY ANY","ONLY SOME","HARDLY ANY",42,"Very satisfied","Continue to work","Favor",16,10,16
"Working full time",33,"Married",20,4,31,13,1,1,"Less than high school","FEMALE","Other","NO","$25,000 or more","$10000 - 14999",3793,"Should be legal","NO","Very happy","NOT TOO HAPPY","Routine","ONLY SOME","A GREAT DEAL","A GREAT DEAL","ONLY SOME",42,"Very satisfied","Continue to work","Favor",15,10,15
"Working full time",49,"Married",2,3,55,9,14,9,"Bachelor's","MALE","White","YES","$25,000 or more","$25000 OR MORE",602,"Should not be legal","YES","Very happy","VERY HAPPY","Exciting","ONLY SOME","HARDLY ANY","HARDLY ANY","ONLY SOME",1,"Moderately satisfied","Continue to work","Favor",9,18,1
"Retired",28,"Married",16,8,21,7,9,5,"Associate/junior college","MALE","Black","NO","$25,000 or more","$25000 OR MORE",105,"Should not be legal","YES","Very happy","VERY HAPPY","Routine","HARDLY ANY","HARDLY ANY","HARDLY ANY","ONLY SOME",1,"Moderately satisfied","Stop working","Favor",9,2,1
"Working full time",24,"Widowed",19,3,59,6,5,20,"High school","FEMALE","Black","NO","$25,000 or more","$10000 - 14999",105,"Should not be legal","YES","Not too happy","VERY HAPPY","Dull","A GREAT DEAL","HARDLY ANY","ONLY SOME","ONLY SOME",30,"Moderately satisfied","Continue to work","Favor",12,15,2
"Working part time",54,"Never married",2,3,71,12,14,5,"High school","MALE","White","YES","$25,000 or more","$20000 - 24999",9,"Should be legal","YES","Not too happy","VERY HAPPY","Routine","ONLY SOME","ONLY SOME","A GREAT DEAL","HARDLY ANY",1,"Very satisfied","Continue to work","Favor",2,16,1
"Working part time",57,"Separated",17,3,11,21,7,5,"High school","FEMALE","Black","YES","$8,000 to $9,999","$25000 OR MORE",8175,"Should be legal","YES","Not too happy","PRETTY HAPPY","Dull","ONLY SOME","A GREAT DEAL","ONLY SOME","ONLY SOME",17,"Moderately satisfied","Continue to work","Favor",2,19,1
"Retired",28,"Divorced",15,3,54,9,20,9,"Graduate","FEMALE","White","YES","$25,000 or more","$20000 - 24999",4,"Should not be legal","YES","Pretty happy","VERY HAPPY","Exciting","ONLY SOME","HARDLY ANY","ONLY SOME","ONLY SOME",42,"Very satisfied","Continue to work","Favor",3,1,6
"Working full time",44,"Never married",20,1,10,5,9,3,"High school","FEMALE","White","YES","$25,000 or more","$25000 OR MORE",57,"Should be legal","YES","Pretty happy","VERY HAPPY","Routine","A GREAT DEAL","HARDLY ANY","ONLY SOME","ONLY SOME",42,"Moderately satisfied","Stop working","Favor",2,14,1
"Retired",18,"Married",2,4,40,7,5,5,"Bachelor's","MALE","White","YES","$25,000 or more","$25000 OR MORE",14,"Should be legal","YES","Pretty happy","PRETTY HAPPY","Routine","ONLY SOME","A GREAT DEAL","ONLY SOME","HARDLY ANY",1,"Very satisfied","Continue to work","Favor",2,10,1
"Working full time",33,"Married",1,1,31,6,7,18,"High school","FEMALE","White","YES","$25,000 or more","$20000 - 24999",7,"Should not be legal","NO","Very happy","PRETTY HAPPY","Routine","ONLY SOME","A GREAT DEAL","ONLY SOME","ONLY SOME",42,"A little dissatisfied","Continue to work","Favor",9,2,1
"Keeping house",66,"Married",16,2,35,14,14,5,"High school","FEMALE","White","NO","$4,000 to $4,999","$8000 TO 9999",26,"Should be legal","YES","Very happy","PRETTY HAPPY","Routine","ONLY SOME","ONLY SOME","A GREAT DEAL","ONLY SOME",42,"Very satisfied","Continue to work","Oppose",2,10,1
"Working full time",12,"Married",2,2,20,14,20,20,"High school","MALE","White","YES","$25,000 or more","$25000 OR MORE",4,"Should not be legal","YES","Very happy","VERY HAPPY","Exciting","A GREAT DEAL","ONLY SOME","A GREAT DEAL","ONLY SOME",42,"Moderately satisfied","Continue to work","Favor",13,16,3
"Retired",33,"Divorced",15,4,52,9,6,5,"Bachelor's","FEMALE","White","YES","$25,000 or more","$25000 OR MORE",64,"Should be legal","YES","Pretty happy","PRETTY HAPPY","Exciting","ONLY SOME","HARDLY ANY","ONLY SOME","ONLY SOME",1,"Very satisfied","Continue to work","Favor",2,10,1
"Working full time",16,"Married",11,1,23,5,5,9,"Less than high school","MALE","Other","NO","$10,000 to $14,999","$25000 OR MORE",32,"Should be legal","YES","Very happy","VERY HAPPY","Exciting","ONLY SOME","HARDLY ANY","A GREAT DEAL","A GREAT DEAL",23,"Very satisfied","Continue to work","Oppose",2,10,1
"With a job, but not at work because of temporary illness, vacation, strike",60,"Married",18,2,23,9,9,16,"High school","FEMALE","White","YES","$25,000 or more","$10000 - 14999",64,"Should not be legal","NO","Very happy","VERY HAPPY","Routine","ONLY SOME","ONLY SOME","A GREAT DEAL","ONLY SOME",1,"Moderately satisfied","Continue to work","Favor",12,17,3
